# primary time zones

PrimaryZone	Etc/GMT+12
#PrimaryZone	Etc/GMT+11
PrimaryZone	Pacific/Midway
PrimaryZone	Pacific/Honolulu
PrimaryZone	America/Anchorage
PrimaryZone	America/Los_Angeles
PrimaryZone	America/Tijuana
PrimaryZone	America/Phoenix
PrimaryZone	America/Chihuahua
PrimaryZone	America/Denver
PrimaryZone	America/Guatemala
PrimaryZone	America/Chicago
PrimaryZone	America/Mexico_City
PrimaryZone	America/Regina
PrimaryZone	America/Bogota
PrimaryZone	America/New_York
PrimaryZone	America/Indiana/Indianapolis
PrimaryZone	America/Caracas
PrimaryZone	America/Asuncion
PrimaryZone	America/Halifax
PrimaryZone	America/Cuiaba
PrimaryZone	America/Guyana
PrimaryZone	America/Santiago
PrimaryZone	America/St_Johns
PrimaryZone	America/Sao_Paulo
PrimaryZone	America/Argentina/Buenos_Aires
PrimaryZone	America/Cayenne
PrimaryZone	America/Godthab
PrimaryZone	America/Montevideo
#PrimaryZone	Etc/GMT+2
PrimaryZone	Atlantic/South_Georgia
PrimaryZone	Atlantic/Azores
PrimaryZone	Atlantic/Cape_Verde
PrimaryZone	UTC
PrimaryZone	Africa/Casablanca
PrimaryZone	Europe/London
PrimaryZone	Africa/Monrovia
PrimaryZone	Europe/Berlin
PrimaryZone	Europe/Belgrade
PrimaryZone	Europe/Brussels
PrimaryZone	Europe/Warsaw
PrimaryZone	Africa/Algiers
PrimaryZone	Asia/Amman
PrimaryZone	Europe/Athens
PrimaryZone	Asia/Beirut
PrimaryZone	Africa/Cairo
PrimaryZone	Africa/Harare
PrimaryZone	Europe/Helsinki
PrimaryZone	Asia/Jerusalem
PrimaryZone	Europe/Minsk
PrimaryZone	Africa/Windhoek
PrimaryZone	Asia/Baghdad
PrimaryZone	Asia/Kuwait
PrimaryZone	Europe/Moscow
PrimaryZone	Africa/Nairobi
PrimaryZone	Asia/Tehran
PrimaryZone	Asia/Muscat
PrimaryZone	Asia/Baku
PrimaryZone	Indian/Mauritius
PrimaryZone	Asia/Tbilisi
PrimaryZone	Asia/Yerevan
PrimaryZone	Asia/Kabul
PrimaryZone	Asia/Yekaterinburg
PrimaryZone	Asia/Karachi
PrimaryZone	Asia/Tashkent
PrimaryZone	Asia/Kolkata
PrimaryZone	Asia/Colombo
PrimaryZone	Asia/Katmandu
PrimaryZone	Asia/Almaty
PrimaryZone	Asia/Dhaka
PrimaryZone	Asia/Novosibirsk
PrimaryZone	Asia/Rangoon
PrimaryZone	Asia/Bangkok
PrimaryZone	Asia/Krasnoyarsk
PrimaryZone	Asia/Hong_Kong
PrimaryZone	Asia/Irkutsk
PrimaryZone	Asia/Kuala_Lumpur
PrimaryZone	Australia/Perth
PrimaryZone	Asia/Taipei
PrimaryZone	Asia/Ulaanbaatar
PrimaryZone	Asia/Tokyo
PrimaryZone	Asia/Seoul
PrimaryZone	Asia/Yakutsk
PrimaryZone	Australia/Adelaide
PrimaryZone	Australia/Darwin
PrimaryZone	Australia/Brisbane
PrimaryZone	Australia/Sydney
PrimaryZone	Pacific/Guam
PrimaryZone	Australia/Hobart
PrimaryZone	Asia/Vladivostok
PrimaryZone	Asia/Magadan
PrimaryZone	Pacific/Auckland
#PrimaryZone	Etc/GMT-12
PrimaryZone	Pacific/Fiji
PrimaryZone	Asia/Kamchatka
PrimaryZone	Pacific/Tongatapu

# Raise the match score of some time zones so they win over other zones with
# the same definition.

ZoneMatchScore	Pacific/Honolulu	200
ZoneMatchScore	America/Anchorage	200
ZoneMatchScore	America/Los_Angeles	200
ZoneMatchScore	America/Denver		200
ZoneMatchScore	America/Phoenix		200
ZoneMatchScore	America/Chicago		200
ZoneMatchScore	America/New_York	200
ZoneMatchScore	America/Regina		200
#ZoneMatchScore	America/Manaus		200
ZoneMatchScore	America/Casablanca	200
ZoneMatchScore	Europe/Berlin		200
ZoneMatchScore	Europe/Athens		200
ZoneMatchScore	Africa/Nairobi		200
ZoneMatchScore	Asia/Tbilisi		200
ZoneMatchScore	Asia/Karachi		200
ZoneMatchScore	Asia/Kolkata		200
ZoneMatchScore	Asia/Hong_Kong		200
ZoneMatchScore	Asia/Tokyo		200
ZoneMatchScore	Australia/Sydney	200
ZoneMatchScore	Australia/Brisbane	200
