# Map Windows TZ names to Olson names.

Link	Etc/GMT+12		"(UTC-12.00) International Date Line West"
Link	Etc/GMT+12		"(GMT-12.00) International Date Line West"
Link	Etc/GMT+11		"(UTC-11.00) Coordinated Universal Time-11"
Link	Etc/GMT+11		"(GMT-11.00) Coordinated Universal Time-11"
Link	Pacific/Midway		"(UTC-11.00) Midway Island / Samoa"
Link	Pacific/Midway		"(GMT-11.00) Midway Island / Samoa"
Link	Pacific/Midway		"(UTC-11.00) Samoa"
Link	Pacific/Midway		"(GMT-11.00) Samoa"
Link	Pacific/Honolulu	"(UTC-10.00) Hawaii"
Link	Pacific/Honolulu	"(GMT-10.00) Hawaii"
Link	America/Anchorage	"(UTC-09.00) Alaska"
Link	America/Anchorage	"(GMT-09.00) Alaska"
Link	America/Tijuana		"(UTC-08.00) Baja California"
Link	America/Tijuana		"(GMT-08.00) Baja California"
Link	America/Los_Angeles	"(UTC-08.00) Pacific Time (US & Canada)"
Link	America/Los_Angeles	"(GMT-08.00) Pacific Time (US & Canada)"
Link	America/Los_Angeles	"(UTC-08.00) Pacific Time (US & Canada) / Tijuana"
Link	America/Los_Angeles	"(GMT-08.00) Pacific Time (US & Canada) / Tijuana"
Link	America/Tijuana		"(UTC-08.00) Tijuana / Baja California"
Link	America/Tijuana		"(GMT-08.00) Tijuana / Baja California"
Link	America/Phoenix		"(UTC-07.00) Arizona"
Link	America/Phoenix		"(GMT-07.00) Arizona"
Link	America/Chihuahua	"(UTC-07.00) Chihuahua / La Paz / Mazatlan"
Link	America/Chihuahua	"(GMT-07.00) Chihuahua / La Paz / Mazatlan"
Link	America/Chihuahua	"(UTC-07.00) Chihuahua / La Paz / Mazatlan - New"
Link	America/Chihuahua	"(GMT-07.00) Chihuahua / La Paz / Mazatlan - New"
Link	America/Chihuahua	"(UTC-07.00) Chihuahua / La Paz / Mazatlan - Old"
Link	America/Chihuahua	"(GMT-07.00) Chihuahua / La Paz / Mazatlan - Old"
Link	America/Denver		"(UTC-07.00) Mountain Time (US & Canada)"
Link	America/Denver		"(GMT-07.00) Mountain Time (US & Canada)"
Link	America/Guatemala	"(UTC-06.00) Central America"
Link	America/Guatemala	"(GMT-06.00) Central America"
Link	America/Chicago		"(UTC-06.00) Central Time (US & Canada)"
Link	America/Chicago		"(GMT-06.00) Central Time (US & Canada)"
Link	America/Mexico_City	"(UTC-06.00) Guadalajara / Mexico City / Monterrey"
Link	America/Mexico_City	"(GMT-06.00) Guadalajara / Mexico City / Monterrey"
Link	America/Mexico_City	"(UTC-06.00) Guadalajara / Mexico City / Monterrey - New"
Link	America/Mexico_City	"(GMT-06.00) Guadalajara / Mexico City / Monterrey - New"
Link	America/Mexico_City	"(UTC-06.00) Guadalajara / Mexico City / Monterrey - Old"
Link	America/Mexico_City	"(GMT-06.00) Guadalajara / Mexico City / Monterrey - Old"
Link	America/Regina		"(UTC-06.00) Saskatchewan"
Link	America/Regina		"(GMT-06.00) Saskatchewan"
Link	America/Bogota		"(UTC-05.00) Bogota / Lima / Quito / Rio Branco"
Link	America/Bogota		"(GMT-05.00) Bogota / Lima / Quito / Rio Branco"
Link	America/Bogota		"(UTC-05.00) Bogota / Lima / Quito"
Link	America/Bogota		"(GMT-05.00) Bogota / Lima / Quito"
Link	America/New_York	"(UTC-05.00) Eastern Time (US & Canada)"
Link	America/New_York	"(GMT-05.00) Eastern Time (US & Canada)"
Link	America/Indiana/Indianapolis	"(UTC-05.00) Indiana (East)"
Link	America/Indiana/Indianapolis	"(GMT-05.00) Indiana (East)"
Link	America/Caracas		"(UTC-04.30) Caracas"
Link	America/Caracas		"(GMT-04.30) Caracas"
Link	America/Asuncion	"(UTC-04.00) Asuncion"
Link	America/Asuncion	"(GMT-04.00) Asuncion"
Link	America/Halifax		"(UTC-04.00) Atlantic Time (Canada)"
Link	America/Halifax		"(GMT-04.00) Atlantic Time (Canada)"
Link	America/Cuiaba		"(UTC-04.00) Cuiaba"
Link	America/Cuiaba		"(GMT-04.00) Cuiaba"
Link	America/Guyana		"(UTC-04.00) Georgetown / La Paz / Manaus / San Juan"
Link	America/Guyana		"(GMT-04.00) Georgetown / La Paz / Manaus / San Juan"
Link	America/Guyana		"(UTC-04.00) Georgetown"
Link	America/Guyana		"(GMT-04.00) Georgetown"
Link	America/La_Paz		"(UTC-04.00) La Paz"
Link	America/La_Paz		"(GMT-04.00) La Paz"
Link	America/La_Paz		"(UTC-04.00) Caracas / La Paz"
Link	America/La_Paz		"(GMT-04.00) Caracas / La Paz"
Link	America/Manaus		"(UTC-04.00) Manaus"
Link	America/Manaus		"(GMT-04.00) Manaus"
Link	America/Santiago	"(UTC-04.00) Santiago"
Link	America/Santiago	"(GMT-04.00) Santiago"
Link	America/St_Johns	"(UTC-03.30) Newfoundland"
Link	America/St_Johns	"(GMT-03.30) Newfoundland"
Link	America/Sao_Paulo	"(UTC-03.00) Brasilia"
Link	America/Sao_Paulo	"(GMT-03.00) Brasilia"
Link	America/Argentina/Buenos_Aires	    "(UTC-03.00) Buenos Aires"
Link	America/Argentina/Buenos_Aires	    "(GMT-03.00) Buenos Aires"
Link	America/Argentina/Buenos_Aires	    "(UTC-03.00) Buenos Aires / Georgetown"
Link	America/Argentina/Buenos_Aires	    "(GMT-03.00) Buenos Aires / Georgetown"
Link	America/Cayenne		"(UTC-03.00) Cayenne / Fortaleza"
Link	America/Cayenne		"(GMT-03.00) Cayenne / Fortaleza"
Link	America/Godthab		"(UTC-03.00) Greenland"
Link	America/Godthab		"(GMT-03.00) Greenland"
Link	America/Montevideo	"(UTC-03.00) Montevideo"
Link	America/Montevideo	"(GMT-03.00) Montevideo"
Link	Etc/GMT+2		"(UTC-02.00) Coordinated Universal Time-02"
Link	Etc/GMT+2		"(GMT-02.00) Coordinated Universal Time-02"
Link	Atlantic/South_Georgia	"(UTC-02.00) Mid-Atlantic"
Link	Atlantic/South_Georgia	"(GMT-02.00) Mid-Atlantic"
Link	Atlantic/Azores		"(UTC-01.00) Azores"
Link	Atlantic/Azores		"(GMT-01.00) Azores"
Link	Atlantic/Cape_Verde	"(UTC-01.00) Cape Verde Is."
Link	Atlantic/Cape_Verde	"(GMT-01.00) Cape Verde Is."
Link	UTC			"(UTC) Coordinated Universal Time"
Link	UTC			"(GMT) Coordinated Universal Time"
Link	Africa/Casablanca	"(UTC) Casablanca"
Link	Africa/Casablanca	"(GMT) Casablanca"
Link	Europe/London		"(UTC) Dublin / Edinburgh / Lisbon / London"
Link	Europe/London		"(GMT) Dublin / Edinburgh / Lisbon / London"
Link	Europe/London		"(UTC) Greenwich Mean Time - Dublin / Edinburgh / Lisbon / London"
Link	Europe/London		"(GMT) Greenwich Mean Time - Dublin / Edinburgh / Lisbon / London"
Link	Africa/Monrovia		"(UTC) Monrovia / Reykjavik"
Link	Africa/Monrovia		"(GMT) Monrovia / Reykjavik"
Link	Africa/Monrovia		"(UTC) Casablanca / Monrovia / Reykjavik"
Link	Africa/Monrovia		"(GMT) Casablanca / Monrovia / Reykjavik"
Link	Africa/Monrovia		"(UTC) Casablanca / Monrovia"
Link	Africa/Monrovia		"(GMT) Casablanca / Monrovia"
Link	Europe/Berlin		"(UTC+01.00) Amsterdam / Berlin / Bern / Rome / Stockholm / Vienna"
Link	Europe/Berlin		"(GMT+01.00) Amsterdam / Berlin / Bern / Rome / Stockholm / Vienna"
Link	Europe/Belgrade		"(UTC+01.00) Belgrade / Bratislava / Budapest / Ljubljana / Prague"
Link	Europe/Belgrade		"(GMT+01.00) Belgrade / Bratislava / Budapest / Ljubljana / Prague"
Link	Europe/Brussels		"(UTC+01.00) Brussels / Copenhagen / Madrid / Paris"
Link	Europe/Brussels		"(GMT+01.00) Brussels / Copenhagen / Madrid / Paris"
Link	Europe/Warsaw		"(UTC+01.00) Sarajevo / Skopje / Warsaw / Zagreb"
Link	Europe/Warsaw		"(GMT+01.00) Sarajevo / Skopje / Warsaw / Zagreb"
Link	Africa/Algiers		"(UTC+01.00) West Central Africa"
Link	Africa/Algiers		"(GMT+01.00) West Central Africa"
Link	Africa/Windhoek		"(UTC+01.00) Windhoek"
Link	Africa/Windhoek		"(GMT+01.00) Windhoek"
Link	Africa/Windhoek		"(UTC+02.00) Windhoek"
Link	Africa/Windhoek		"(GMT+02.00) Windhoek"
Link	Asia/Amman		"(UTC+02.00) Amman"
Link	Asia/Amman		"(GMT+02.00) Amman"
Link	Europe/Athens		"(UTC+02.00) Athens / Bucharest / Istanbul"
Link	Europe/Athens		"(GMT+02.00) Athens / Bucharest / Istanbul"
Link	Europe/Athens		"(UTC+02.00) Athens / Beirut / Istanbul / Minsk"
Link	Europe/Athens		"(GMT+02.00) Athens / Beirut / Istanbul / Minsk"
Link	Europe/Athens		"(UTC+02.00) Bucharest"
Link	Europe/Athens		"(GMT+02.00) Bucharest"
Link	Asia/Beirut		"(UTC+02.00) Beirut"
Link	Asia/Beirut		"(GMT+02.00) Beirut"
Link	Africa/Cairo		"(UTC+02.00) Cairo"
Link	Africa/Cairo		"(GMT+02.00) Cairo"
Link	Africa/Harare		"(UTC+02.00) Harare / Pretoria"
Link	Africa/Harare		"(GMT+02.00) Harare / Pretoria"
Link	Europe/Helsinki		"(UTC+02.00) Helsinki / Kyiv / Riga / Sofia / Tallinn / Vilnius"
Link	Europe/Helsinki		"(GMT+02.00) Helsinki / Kyiv / Riga / Sofia / Tallinn / Vilnius"
Link	Asia/Jerusalem		"(UTC+02.00) Jerusalem"
Link	Asia/Jerusalem		"(GMT+02.00) Jerusalem"
Link	Europe/Minsk		"(UTC+02.00) Minsk"
Link	Europe/Minsk		"(GMT+02.00) Minsk"
Link	Asia/Baghdad		"(UTC+03.00) Baghdad"
Link	Asia/Baghdad		"(GMT+03.00) Baghdad"
Link	Asia/Kuwait		"(UTC+03.00) Kuwait / Riyadh"
Link	Asia/Kuwait		"(GMT+03.00) Kuwait / Riyadh"
Link	Europe/Moscow		"(UTC+03.00) Moscow / St. Petersburg / Volgograd"
Link	Europe/Moscow		"(GMT+03.00) Moscow / St. Petersburg / Volgograd"
Link	Africa/Nairobi		"(UTC+03.00) Nairobi"
Link	Africa/Nairobi		"(GMT+03.00) Nairobi"
Link	Asia/Tbilisi		"(UTC+03.00) Tbilisi"
Link	Asia/Tbilisi		"(GMT+03.00) Tbilisi"
Link	Asia/Tehran		"(UTC+03.30) Tehran"
Link	Asia/Tehran		"(GMT+03.30) Tehran"
Link	Asia/Muscat		"(UTC+04.00) Abu Dhabi / Muscat"
Link	Asia/Muscat		"(GMT+04.00) Abu Dhabi / Muscat"
Link	Asia/Baku		"(UTC+04.00) Baku"
Link	Asia/Baku		"(GMT+04.00) Baku"
Link	Asia/Baku		"(UTC+04.00) Baku / Tbilisi / Yerevan"
Link	Asia/Baku		"(GMT+04.00) Baku / Tbilisi / Yerevan"
Link	Asia/Tbilisi		"(UTC+04.00) Caucasus Standard Time"
Link	Asia/Tbilisi		"(GMT+04.00) Caucasus Standard Time"
Link	Asia/Yerevan		"(UTC+04.00) Yerevan"
Link	Asia/Yerevan		"(GMT+04.00) Yerevan"
Link	Indian/Mauritius	"(UTC+04.00) Port Louis"
Link	Indian/Mauritius	"(GMT+04.00) Port Louis"
Link	Asia/Tbilisi		"(UTC+04.00) Tbilisi"
Link	Asia/Tbilisi		"(GMT+04.00) Tbilisi"
Link	Asia/Kabul		"(UTC+04.30) Kabul"
Link	Asia/Kabul		"(GMT+04.30) Kabul"
Link	Asia/Yekaterinburg	"(UTC+05.00) Ekaterinburg"
Link	Asia/Yekaterinburg	"(GMT+05.00) Ekaterinburg"
Link	Asia/Karachi		"(UTC+05.00) Islamabad / Karachi"
Link	Asia/Karachi		"(GMT+05.00) Islamabad / Karachi"
Link	Asia/Karachi		"(UTC+05.00) Islamabad / Karachi / Tashkent"
Link	Asia/Karachi		"(GMT+05.00) Islamabad / Karachi / Tashkent"
Link	Asia/Tashkent		"(UTC+05.00) Tashkent"
Link	Asia/Tashkent		"(GMT+05.00) Tashkent"
Link	Asia/Kolkata		"(UTC+05.30) Chennai / Kolkata / Mumbai / New Delhi"
Link	Asia/Kolkata		"(GMT+05.30) Chennai / Kolkata / Mumbai / New Delhi"
Link	Asia/Colombo		"(UTC+05.30) Sri Jayawardenepura"
Link	Asia/Colombo		"(GMT+05.30) Sri Jayawardenepura"
Link	Asia/Colombo		"(UTC+06.00) Sri Jayawardenepura"
Link	Asia/Colombo		"(GMT+06.00) Sri Jayawardenepura"
Link	Asia/Katmandu		"(UTC+05.45) Kathmandu"
Link	Asia/Katmandu		"(GMT+05.45) Kathmandu"
Link	Asia/Almaty		"(UTC+06.00) Astana"
Link	Asia/Almaty		"(GMT+06.00) Astana"
Link	Asia/Dhaka		"(UTC+06.00) Dhaka"
Link	Asia/Dhaka		"(GMT+06.00) Dhaka"
Link	Asia/Dhaka		"(UTC+06.00) Astana / Dhaka"
Link	Asia/Dhaka		"(GMT+06.00) Astana / Dhaka"
Link	Asia/Novosibirsk	"(UTC+06.00) Novosibirsk"
Link	Asia/Novosibirsk	"(GMT+06.00) Novosibirsk"
Link	Asia/Novosibirsk	"(UTC+06.00) Almaty / Novosibirsk"
Link	Asia/Novosibirsk	"(GMT+06.00) Almaty / Novosibirsk"
Link	Asia/Rangoon		"(UTC+06.30) Yangon (Rangoon)"
Link	Asia/Rangoon		"(GMT+06.30) Yangon (Rangoon)"
Link	Asia/Rangoon		"(UTC+06.30) Rangoon"
Link	Asia/Rangoon		"(GMT+06.30) Rangoon"
Link	Asia/Bangkok		"(UTC+07.00) Bangkok / Hanoi / Jakarta"
Link	Asia/Bangkok		"(GMT+07.00) Bangkok / Hanoi / Jakarta"
Link	Asia/Krasnoyarsk	"(UTC+07.00) Krasnoyarsk"
Link	Asia/Krasnoyarsk	"(GMT+07.00) Krasnoyarsk"
Link	Asia/Hong_Kong		"(UTC+08.00) Beijing / Chongqing / Hong Kong / Urumqi"
Link	Asia/Hong_Kong		"(GMT+08.00) Beijing / Chongqing / Hong Kong / Urumqi"
Link	Asia/Irkutsk		"(UTC+08.00) Irkutsk"
Link	Asia/Irkutsk		"(GMT+08.00) Irkutsk"
Link	Asia/Irkutsk		"(UTC+08.00) Irkutsk / Ulaan Bataar"
Link	Asia/Irkutsk		"(GMT+08.00) Irkutsk / Ulaan Bataar"
Link	Asia/Kuala_Lumpur	"(UTC+08.00) Kuala Lumpur / Singapore"
Link	Asia/Kuala_Lumpur	"(GMT+08.00) Kuala Lumpur / Singapore"
Link	Australia/Perth		"(UTC+08.00) Perth"
Link	Australia/Perth		"(GMT+08.00) Perth"
Link	Asia/Taipei		"(UTC+08.00) Taipei"
Link	Asia/Taipei		"(GMT+08.00) Taipei"
Link	Asia/Ulaanbaatar	"(UTC+08.00) Ulaanbaatar"
Link	Asia/Ulaanbaatar	"(GMT+08.00) Ulaanbaatar"
Link	Asia/Tokyo		"(UTC+09.00) Osaka / Sapporo / Tokyo"
Link	Asia/Tokyo		"(GMT+09.00) Osaka / Sapporo / Tokyo"
Link	Asia/Seoul		"(UTC+09.00) Seoul"
Link	Asia/Seoul		"(GMT+09.00) Seoul"
Link	Asia/Yakutsk		"(UTC+09.00) Yakutsk"
Link	Asia/Yakutsk		"(GMT+09.00) Yakutsk"
Link	Australia/Adelaide	"(UTC+09.30) Adelaide"
Link	Australia/Adelaide	"(GMT+09.30) Adelaide"
Link	Australia/Darwin	"(UTC+09.30) Darwin"
Link	Australia/Darwin	"(GMT+09.30) Darwin"
Link	Australia/Brisbane	"(UTC+10.00) Brisbane"
Link	Australia/Brisbane	"(GMT+10.00) Brisbane"
Link	Australia/Sydney	"(UTC+10.00) Canberra / Melbourne / Sydney"
Link	Australia/Sydney	"(GMT+10.00) Canberra / Melbourne / Sydney"
Link	Pacific/Guam		"(UTC+10.00) Guam / Port Moresby"
Link	Pacific/Guam		"(GMT+10.00) Guam / Port Moresby"
Link	Australia/Hobart	"(UTC+10.00) Hobart"
Link	Australia/Hobart	"(GMT+10.00) Hobart"
Link	Asia/Vladivostok	"(UTC+10.00) Vladivostok"
Link	Asia/Vladivostok	"(GMT+10.00) Vladivostok"
Link	Asia/Magadan		"(UTC+11.00) Magadan / Solomon Is. / New Caledonia"
Link	Asia/Magadan		"(GMT+11.00) Magadan / Solomon Is. / New Caledonia"
Link	Pacific/Auckland	"(UTC+12.00) Auckland / Wellington"
Link	Pacific/Auckland	"(GMT+12.00) Auckland / Wellington"
Link	Etc/GMT-12		"(UTC+12.00) Coordinated Universal Time+12"
Link	Etc/GMT-12		"(GMT+12.00) Coordinated Universal Time+12"
Link	Pacific/Fiji		"(UTC+12.00) Fiji"
Link	Pacific/Fiji		"(GMT+12.00) Fiji"
Link	Pacific/Fiji		"(UTC+12.00) Fiji / Kamchatka / Marshall Is."
Link	Pacific/Fiji		"(GMT+12.00) Fiji / Kamchatka / Marshall Is."
Link	Asia/Kamchatka		"(UTC+12.00) Petropavlovsk-Kamchatsky"
Link	Asia/Kamchatka		"(GMT+12.00) Petropavlovsk-Kamchatsky"
Link	Pacific/Tongatapu	"(UTC+13.00) Nuku'alofa"
Link	Pacific/Tongatapu	"(GMT+13.00) Nuku'alofa"
